<?xml version="1.0"?>
<ruleset name="Verso PHPMD rulesets"
         xmlns="http://pmd.sf.net/ruleset/1.0.0"
         xmlns:xsi="http://www.w3.org/2001/XMLSchema-instance"
         xsi:schemaLocation="http://pmd.sf.net/ruleset/1.0.0 http://pmd.sf.net/ruleset_xml_schema.xsd"
         xsi:noNamespaceSchemaLocation="http://pmd.sf.net/ruleset_xml_schema.xsd">
    <description>
        Apiato PHPMD rulesets
    </description>

    <rule ref="rulesets/unusedcode.xml" />

    <rule ref="rulesets/cleancode.xml">
        <exclude name="StaticAccess" />
        <exclude name="MissingImport" />
    </rule>

    <rule ref="rulesets/design.xml" />
<!--    <rule ref="rulesets/design.xml/NumberOfChildren">-->
<!--        <priority>1</priority>-->
<!--        <properties>-->
<!--            <property name="minimum" value="2"/>-->
<!--        </properties>-->
<!--    </rule>-->

    <rule ref="rulesets/naming.xml">
        <exclude name="ShortVariable" />
        <exclude name="LongVariable" />
        <exclude name="LongClassName" />
    </rule>

    <rule ref="rulesets/controversial.xml"/>

    <rule ref="rulesets/codesize.xml"/>
    <rule ref="rulesets/codesize.xml/CyclomaticComplexity">
        <priority>1</priority>
        <properties>
            <property name="reportLevel" value="7" />
        </properties>
    </rule>
</ruleset>
